ConfigMap,mysql-config
ConfigMap,extension-apiserver-authentication
ConfigMap,cluster-dns
ConfigMap,local-path-config
ConfigMap,chart-content-traefik
ConfigMap,chart-values-traefik
ConfigMap,chart-content-traefik-crd
ConfigMap,chart-values-traefik-crd
ConfigMap,kube-root-ca.crt
ConfigMap,kube-root-ca.crt
ConfigMap,kube-root-ca.crt
ConfigMap,kube-root-ca.crt
ConfigMap,kube-root-ca.crt
ConfigMap,coredns
ConfigMap,kube-root-ca.crt
ConfigMap,kube-root-ca.crt
ConfigMap,kube-root-ca.crt
ConfigMap,redis-config
ConfigMap,backend-project-message
ConfigMap,grpc
ConfigMap,backend-project-workflow
ConfigMap,backend-project-main-tomcat-config-no-sticky-memcached
ConfigMap,backend-project-authentication
ConfigMap,backend-project-activiti
ConfigMap,backend-project-team-statistics
ConfigMap,backend-project-performance
ConfigMap,backend-project-authority
ConfigMap,reditor-server-config
ConfigMap,history-creator-config
ConfigMap,history-subscribe-config
ConfigMap,backend-project-okr-job-config
ConfigMap,backend-project-briefing-config
ConfigMap,backend-project-briefing-job
ConfigMap,backend-project-mindmap-configmap
ConfigMap,ding-main-config
ConfigMap,sts-server-config
ConfigMap,document-format-convert-config
ConfigMap,isv-contact-syncer-config
ConfigMap,kube-root-ca.crt
ConfigMap,ding-task-canal-properties
ConfigMap,ding-task-instance-properties
ConfigMap,ding-task-logback-xml
ConfigMap,backend-project-okr-config
ConfigMap,index-nginx-config
ConfigMap,nginx-config
ConfigMap,custom-logo
