Secret,namespace-controller-token-nqsd5,kubernetes.io/service-account-token
Secret,node-controller-token-kjql9,kubernetes.io/service-account-token
Secret,certificate-controller-token-62ztq,kubernetes.io/service-account-token
Secret,ttl-controller-token-66rr2,kubernetes.io/service-account-token
Secret,daemon-set-controller-token-44pct,kubernetes.io/service-account-token
Secret,service-account-controller-token-qrhns,kubernetes.io/service-account-token
Secret,statefulset-controller-token-4t9xm,kubernetes.io/service-account-token
Secret,root-ca-cert-publisher-token-s5t7x,kubernetes.io/service-account-token
Secret,ephemeral-volume-controller-token-p54jp,kubernetes.io/service-account-token
Secret,generic-garbage-collector-token-qdv2q,kubernetes.io/service-account-token
Secret,k3s-serving,kubernetes.io/tls
Secret,deployment-controller-token-f9t4s,kubernetes.io/service-account-token
Secret,disruption-controller-token-8g7tt,kubernetes.io/service-account-token
Secret,izbp18of4fhb69z4a2s5y2z.node-password.k3s,Opaque
Secret,coredns-token-28qwp,kubernetes.io/service-account-token
Secret,local-path-provisioner-service-account-token-9bjxc,kubernetes.io/service-account-token
Secret,metrics-server-token-bgbdx,kubernetes.io/service-account-token
Secret,helm-traefik-token-dd5vc,kubernetes.io/service-account-token
Secret,helm-traefik-crd-token-9fbkf,kubernetes.io/service-account-token
Secret,ttl-after-finished-controller-token-58lrb,kubernetes.io/service-account-token
Secret,pvc-protection-controller-token-kzd7r,kubernetes.io/service-account-token
Secret,pod-garbage-collector-token-wnjcn,kubernetes.io/service-account-token
Secret,resourcequota-controller-token-z2nbr,kubernetes.io/service-account-token
Secret,cronjob-controller-token-m5dwx,kubernetes.io/service-account-token
Secret,persistent-volume-binder-token-6fr69,kubernetes.io/service-account-token
Secret,attachdetach-controller-token-vqzf6,kubernetes.io/service-account-token
Secret,job-controller-token-tnzt6,kubernetes.io/service-account-token
Secret,clusterrole-aggregation-controller-token-r72ks,kubernetes.io/service-account-token
Secret,endpoint-controller-token-vzdvl,kubernetes.io/service-account-token
Secret,endpointslice-controller-token-h458q,kubernetes.io/service-account-token
Secret,horizontal-pod-autoscaler-token-sf4dk,kubernetes.io/service-account-token
Secret,pv-protection-controller-token-bs9l9,kubernetes.io/service-account-token
Secret,endpointslicemirroring-controller-token-rcnxd,kubernetes.io/service-account-token
Secret,replication-controller-token-vj65v,kubernetes.io/service-account-token
Secret,replicaset-controller-token-85g28,kubernetes.io/service-account-token
Secret,expand-controller-token-jjxp8,kubernetes.io/service-account-token
Secret,default-token-lh86b,kubernetes.io/service-account-token
Secret,default-token-xwwkc,kubernetes.io/service-account-token
Secret,default-token-hpkr2,kubernetes.io/service-account-token
Secret,default-token-fmj2g,kubernetes.io/service-account-token
Secret,sh.helm.release.v1.traefik-crd.v1,helm.sh/release.v1
Secret,traefik-token-prwfb,kubernetes.io/service-account-token
Secret,sh.helm.release.v1.traefik.v1,helm.sh/release.v1
Secret,izbp1imzcyvws1oup3nvtiz.node-password.k3s,Opaque
Secret,izbp1imzcyvws1oup3nvtjz.node-password.k3s,Opaque
Secret,default-token-9wjht,kubernetes.io/service-account-token
Secret,default-token-xr2hq,kubernetes.io/service-account-token
Secret,default-token-wxzwj,kubernetes.io/service-account-token
Secret,default-token-xmsv5,kubernetes.io/service-account-token
Secret,default-token-ml4tx,kubernetes.io/service-account-token
